match_id,match_url,map_name,player_handle,agent,kills,acs
535405,https://www.vlr.gg/535405/ulf-esports-vs-mandatory-challengers-2025-emea-stage-3-lbf,Map2,"echo
ULF",cypher,281,59
535405,https://www.vlr.gg/535405/ulf-esports-vs-mandatory-challengers-2025-emea-stage-3-lbf,Map2,"nekky
ULF",sova,203,44
535405,https://www.vlr.gg/535405/ulf-esports-vs-mandatory-challengers-2025-emea-stage-3-lbf,Map2,"Favian
ULF",breach,203,40
535405,https://www.vlr.gg/535405/ulf-esports-vs-mandatory-challengers-2025-emea-stage-3-lbf,Map2,"s0pp
ULF",neon,226,44
535405,https://www.vlr.gg/535405/ulf-esports-vs-mandatory-challengers-2025-emea-stage-3-lbf,Map2,"audaz
ULF",omen,178,40
535405,https://www.vlr.gg/535405/ulf-esports-vs-mandatory-challengers-2025-emea-stage-3-lbf,Map2,"TakaS
MDR",phoenix,252,48
535405,https://www.vlr.gg/535405/ulf-esports-vs-mandatory-challengers-2025-emea-stage-3-lbf,Map2,"Enzo
MDR",sova,173,34
535405,https://www.vlr.gg/535405/ulf-esports-vs-mandatory-challengers-2025-emea-stage-3-lbf,Map2,"mikee
MDR",omen,161,31
535405,https://www.vlr.gg/535405/ulf-esports-vs-mandatory-challengers-2025-emea-stage-3-lbf,Map2,"keloqz
MDR",yoru,151,34
535405,https://www.vlr.gg/535405/ulf-esports-vs-mandatory-challengers-2025-emea-stage-3-lbf,Map2,"HyP
MDR",cypher,108,0
543782,https://www.vlr.gg/543782/red-canids-vs-team-solid-challengers-2025-brazil-gamers-club-last-chance-qualifier-gf,Map2,"prozin
RED",omen,203,47
543782,https://www.vlr.gg/543782/red-canids-vs-team-solid-challengers-2025-brazil-gamers-club-last-chance-qualifier-gf,Map2,"frz
RED",vyse,193,44
543782,https://www.vlr.gg/543782/red-canids-vs-team-solid-challengers-2025-brazil-gamers-club-last-chance-qualifier-gf,Map2,"RgLMeister
RED",astra,176,38
543782,https://www.vlr.gg/543782/red-canids-vs-team-solid-challengers-2025-brazil-gamers-club-last-chance-qualifier-gf,Map2,"maestr0
RED",yoru,177,39
543782,https://www.vlr.gg/543782/red-canids-vs-team-solid-challengers-2025-brazil-gamers-club-last-chance-qualifier-gf,Map2,"gaabxx
RED",sova,121,0
543782,https://www.vlr.gg/543782/red-canids-vs-team-solid-challengers-2025-brazil-gamers-club-last-chance-qualifier-gf,Map2,"havoc
TSS",yoru,230,51
543782,https://www.vlr.gg/543782/red-canids-vs-team-solid-challengers-2025-brazil-gamers-club-last-chance-qualifier-gf,Map2,"PxS
TSS",sova,183,40
543782,https://www.vlr.gg/543782/red-canids-vs-team-solid-challengers-2025-brazil-gamers-club-last-chance-qualifier-gf,Map2,"dgzin
TSS",chamber,228,54
543782,https://www.vlr.gg/543782/red-canids-vs-team-solid-challengers-2025-brazil-gamers-club-last-chance-qualifier-gf,Map2,"raafa
TSS",astra,186,39
543782,https://www.vlr.gg/543782/red-canids-vs-team-solid-challengers-2025-brazil-gamers-club-last-chance-qualifier-gf,Map2,"kon4n
TSS",breach,180,40
544548,https://www.vlr.gg/544548/alliance-guardians-vs-burger-boyz-challengers-2025-north-america-ace-stage-3-pm,Map2,"ducq
ALLI",omen,265,88
544548,https://www.vlr.gg/544548/alliance-guardians-vs-burger-boyz-challengers-2025-north-america-ace-stage-3-pm,Map2,"RYKER
ALLI",raze,253,81
544548,https://www.vlr.gg/544548/alliance-guardians-vs-burger-boyz-challengers-2025-north-america-ace-stage-3-pm,Map2,"foreign
ALLI",yoru,206,68
544548,https://www.vlr.gg/544548/alliance-guardians-vs-burger-boyz-challengers-2025-north-america-ace-stage-3-pm,Map2,"syfi
ALLI",fade,180,55
544548,https://www.vlr.gg/544548/alliance-guardians-vs-burger-boyz-challengers-2025-north-america-ace-stage-3-pm,Map2,"Poseidon
ALLI",viper,149,49
544548,https://www.vlr.gg/544548/alliance-guardians-vs-burger-boyz-challengers-2025-north-america-ace-stage-3-pm,Map2,"Nanners
BURG",omen,221,72
544548,https://www.vlr.gg/544548/alliance-guardians-vs-burger-boyz-challengers-2025-north-america-ace-stage-3-pm,Map2,"Boni
BURG",neon,253,82
544548,https://www.vlr.gg/544548/alliance-guardians-vs-burger-boyz-challengers-2025-north-america-ace-stage-3-pm,Map2,"RetrQ
BURG",fade,169,52
544548,https://www.vlr.gg/544548/alliance-guardians-vs-burger-boyz-challengers-2025-north-america-ace-stage-3-pm,Map2,"practo
BURG",vyse,197,66
544548,https://www.vlr.gg/544548/alliance-guardians-vs-burger-boyz-challengers-2025-north-america-ace-stage-3-pm,Map2,"Tillo
BURG",breach,183,54
544549,https://www.vlr.gg/544549/team-slatt-vs-sad-esports-challengers-2025-north-america-ace-stage-3-pm,Map2,"neptune
TEAM",yoru,234,64
544549,https://www.vlr.gg/544549/team-slatt-vs-sad-esports-challengers-2025-north-america-ace-stage-3-pm,Map2,"yearn
TEAM",astra,195,57
544549,https://www.vlr.gg/544549/team-slatt-vs-sad-esports-challengers-2025-north-america-ace-stage-3-pm,Map2,"voriac
TEAM",sova,158,42
544549,https://www.vlr.gg/544549/team-slatt-vs-sad-esports-challengers-2025-north-america-ace-stage-3-pm,Map2,"zeldris
TEAM",jett,184,48
544549,https://www.vlr.gg/544549/team-slatt-vs-sad-esports-challengers-2025-north-america-ace-stage-3-pm,Map2,"Pain
TEAM",omen,124,0
544549,https://www.vlr.gg/544549/team-slatt-vs-sad-esports-challengers-2025-north-america-ace-stage-3-pm,Map2,"welyy
SAD",sova,217,59
544549,https://www.vlr.gg/544549/team-slatt-vs-sad-esports-challengers-2025-north-america-ace-stage-3-pm,Map2,"Jerrwin
SAD",jett,244,63
544549,https://www.vlr.gg/544549/team-slatt-vs-sad-esports-challengers-2025-north-america-ace-stage-3-pm,Map2,"Shondex
SAD",omen,208,58
544549,https://www.vlr.gg/544549/team-slatt-vs-sad-esports-challengers-2025-north-america-ace-stage-3-pm,Map2,"bao
SAD",yoru,238,68
544549,https://www.vlr.gg/544549/team-slatt-vs-sad-esports-challengers-2025-north-america-ace-stage-3-pm,Map2,"Dogo
SAD",astra,173,49
532277,https://www.vlr.gg/532277/shinden-vs-six-karma-challengers-2025-latin-america-finals-decider,Map2,"rubkkoide
SHI",viper,226,68
532277,https://www.vlr.gg/532277/shinden-vs-six-karma-challengers-2025-latin-america-finals-decider,Map2,"vaiZ
SHI",fade,195,58
532277,https://www.vlr.gg/532277/shinden-vs-six-karma-challengers-2025-latin-america-finals-decider,Map2,"murizzz
SHI",killjoy,191,61
532277,https://www.vlr.gg/532277/shinden-vs-six-karma-challengers-2025-latin-america-finals-decider,Map2,"neto
SHI",raze,216,66
532277,https://www.vlr.gg/532277/shinden-vs-six-karma-challengers-2025-latin-america-finals-decider,Map2,"david
SHI",omen,155,48
532277,https://www.vlr.gg/532277/shinden-vs-six-karma-challengers-2025-latin-america-finals-decider,Map2,"Mephisto
6K",yoru,281,88
532277,https://www.vlr.gg/532277/shinden-vs-six-karma-challengers-2025-latin-america-finals-decider,Map2,"Jow
6K",viper,208,66
532277,https://www.vlr.gg/532277/shinden-vs-six-karma-challengers-2025-latin-america-finals-decider,Map2,"Peloncito
6K",fade,193,61
532277,https://www.vlr.gg/532277/shinden-vs-six-karma-challengers-2025-latin-america-finals-decider,Map2,"otaQ
6K",vyse,202,62
532277,https://www.vlr.gg/532277/shinden-vs-six-karma-challengers-2025-latin-america-finals-decider,Map2,"Sabortzz
6K",omen,134,46
535404,https://www.vlr.gg/535404/dnsty-vs-ulf-esports-challengers-2025-emea-stage-3-ubf,Map2,"Tag
DSY",killjoy,190,42
535404,https://www.vlr.gg/535404/dnsty-vs-ulf-esports-challengers-2025-emea-stage-3-ubf,Map2,"waddle
DSY",fade,191,42
535404,https://www.vlr.gg/535404/dnsty-vs-ulf-esports-challengers-2025-emea-stage-3-ubf,Map2,"Famsii
DSY",raze,228,48
535404,https://www.vlr.gg/535404/dnsty-vs-ulf-esports-challengers-2025-emea-stage-3-ubf,Map2,"Creamydreamy
DSY",viper,188,40
535404,https://www.vlr.gg/535404/dnsty-vs-ulf-esports-challengers-2025-emea-stage-3-ubf,Map2,"Ticey
DSY",omen,204,41
535404,https://www.vlr.gg/535404/dnsty-vs-ulf-esports-challengers-2025-emea-stage-3-ubf,Map2,"nekky
ULF",fade,246,51
535404,https://www.vlr.gg/535404/dnsty-vs-ulf-esports-challengers-2025-emea-stage-3-ubf,Map2,"echo
ULF",vyse,237,51
535404,https://www.vlr.gg/535404/dnsty-vs-ulf-esports-challengers-2025-emea-stage-3-ubf,Map2,"s0pp
ULF",yoru,191,38
535404,https://www.vlr.gg/535404/dnsty-vs-ulf-esports-challengers-2025-emea-stage-3-ubf,Map2,"audaz
ULF",omen,134,0
535404,https://www.vlr.gg/535404/dnsty-vs-ulf-esports-challengers-2025-emea-stage-3-ubf,Map2,"Favian
ULF",raze,143,32
535403,https://www.vlr.gg/535403/mandatory-vs-twisted-minds-challengers-2025-emea-stage-3-lr1,Map2,"TakaS
MDR",deadlock,228,56
535403,https://www.vlr.gg/535403/mandatory-vs-twisted-minds-challengers-2025-emea-stage-3-lr1,Map2,"Enzo
MDR",sova,230,49
535403,https://www.vlr.gg/535403/mandatory-vs-twisted-minds-challengers-2025-emea-stage-3-lr1,Map2,"keloqz
MDR",yoru,228,54
535403,https://www.vlr.gg/535403/mandatory-vs-twisted-minds-challengers-2025-emea-stage-3-lr1,Map2,"mikee
MDR",omen,166,37
535403,https://www.vlr.gg/535403/mandatory-vs-twisted-minds-challengers-2025-emea-stage-3-lr1,Map2,"HyP
MDR",cypher,141,34
535403,https://www.vlr.gg/535403/mandatory-vs-twisted-minds-challengers-2025-emea-stage-3-lr1,Map2,"Jesse
TWS",omen,205,50
535403,https://www.vlr.gg/535403/mandatory-vs-twisted-minds-challengers-2025-emea-stage-3-lr1,Map2,"Zimo
TWS",viper,214,51
535403,https://www.vlr.gg/535403/mandatory-vs-twisted-minds-challengers-2025-emea-stage-3-lr1,Map2,"Sand
TWS",killjoy,183,43
535403,https://www.vlr.gg/535403/mandatory-vs-twisted-minds-challengers-2025-emea-stage-3-lr1,Map2,"sickrey
TWS",fade,156,36
535403,https://www.vlr.gg/535403/mandatory-vs-twisted-minds-challengers-2025-emea-stage-3-lr1,Map2,"ExiT
TWS",raze,199,41
521247,https://www.vlr.gg/521247/motiv-esports-vs-full-sense-challengers-2025-southeast-asia-split-3-gf,Map2,"Vera
MTV",jett,290,79
521247,https://www.vlr.gg/521247/motiv-esports-vs-full-sense-challengers-2025-southeast-asia-split-3-gf,Map2,"wayne
MTV",sage,223,66
521247,https://www.vlr.gg/521247/motiv-esports-vs-full-sense-challengers-2025-southeast-asia-split-3-gf,Map2,"Flaring
MTV",viper,162,48
521247,https://www.vlr.gg/521247/motiv-esports-vs-full-sense-challengers-2025-southeast-asia-split-3-gf,Map2,"Sushiboys
MTV",killjoy,201,56
521247,https://www.vlr.gg/521247/motiv-esports-vs-full-sense-challengers-2025-southeast-asia-split-3-gf,Map2,"STYRON
MTV",sova,152,46
521247,https://www.vlr.gg/521247/motiv-esports-vs-full-sense-challengers-2025-southeast-asia-split-3-gf,Map2,"Laz
FS",killjoy,204,56
521247,https://www.vlr.gg/521247/motiv-esports-vs-full-sense-challengers-2025-southeast-asia-split-3-gf,Map2,"seph1roth
FS",gekko,176,49
521247,https://www.vlr.gg/521247/motiv-esports-vs-full-sense-challengers-2025-southeast-asia-split-3-gf,Map2,"Leviathan
FS",viper,200,57
521247,https://www.vlr.gg/521247/motiv-esports-vs-full-sense-challengers-2025-southeast-asia-split-3-gf,Map2,"Potter
FS",jett,168,50
521247,https://www.vlr.gg/521247/motiv-esports-vs-full-sense-challengers-2025-southeast-asia-split-3-gf,Map2,"qqGOD
FS",sova,140,37
538575,https://www.vlr.gg/538575/titan-esports-club-vs-jdg-esports-china-evolution-series-act-3-gf,Map2,"lucas
TEC",fade,270,59
538575,https://www.vlr.gg/538575/titan-esports-club-vs-jdg-esports-china-evolution-series-act-3-gf,Map2,"Abo
TEC",vyse,185,38
538575,https://www.vlr.gg/538575/titan-esports-club-vs-jdg-esports-china-evolution-series-act-3-gf,Map2,"Coco
TEC",viper,174,38
538575,https://www.vlr.gg/538575/titan-esports-club-vs-jdg-esports-china-evolution-series-act-3-gf,Map2,"Haodong
TEC",omen,159,34
538575,https://www.vlr.gg/538575/titan-esports-club-vs-jdg-esports-china-evolution-series-act-3-gf,Map2,"Dynamite
TEC",raze,131,0
538575,https://www.vlr.gg/538575/titan-esports-club-vs-jdg-esports-china-evolution-series-act-3-gf,Map2,"stew
JDG",raze,288,67
538575,https://www.vlr.gg/538575/titan-esports-club-vs-jdg-esports-china-evolution-series-act-3-gf,Map2,"Babyblue
JDG",fade,250,57
538575,https://www.vlr.gg/538575/titan-esports-club-vs-jdg-esports-china-evolution-series-act-3-gf,Map2,"kklin
JDG",viper,200,43
538575,https://www.vlr.gg/538575/titan-esports-club-vs-jdg-esports-china-evolution-series-act-3-gf,Map2,"jkuro
JDG",omen,197,49
538575,https://www.vlr.gg/538575/titan-esports-club-vs-jdg-esports-china-evolution-series-act-3-gf,Map2,"Z1yan
JDG",vyse,172,39
543173,https://www.vlr.gg/543173/shopify-rebellion-gold-vs-prosperity-esports-challengers-2025-north-america-ace-stage-3-r3,Map2,"dodonut
SRG",neon,239,44
543173,https://www.vlr.gg/543173/shopify-rebellion-gold-vs-prosperity-esports-challengers-2025-north-america-ace-stage-3-r3,Map2,"Noia
SRG",viper,198,39
543173,https://www.vlr.gg/543173/shopify-rebellion-gold-vs-prosperity-esports-challengers-2025-north-america-ace-stage-3-r3,Map2,"sarahcat
SRG",sova,229,41
543173,https://www.vlr.gg/543173/shopify-rebellion-gold-vs-prosperity-esports-challengers-2025-north-america-ace-stage-3-r3,Map2,"alexis
SRG",killjoy,177,33
543173,https://www.vlr.gg/543173/shopify-rebellion-gold-vs-prosperity-esports-challengers-2025-north-america-ace-stage-3-r3,Map2,"meL
SRG",omen,185,33
543173,https://www.vlr.gg/543173/shopify-rebellion-gold-vs-prosperity-esports-challengers-2025-north-america-ace-stage-3-r3,Map2,"VantiK
PRS",omen,211,45
543173,https://www.vlr.gg/543173/shopify-rebellion-gold-vs-prosperity-esports-challengers-2025-north-america-ace-stage-3-r3,Map2,"Bearrett
PRS",cypher,213,42
543173,https://www.vlr.gg/543173/shopify-rebellion-gold-vs-prosperity-esports-challengers-2025-north-america-ace-stage-3-r3,Map2,"Manny
PRS",neon,233,46
543173,https://www.vlr.gg/543173/shopify-rebellion-gold-vs-prosperity-esports-challengers-2025-north-america-ace-stage-3-r3,Map2,"Izo
PRS",sova,183,32
543173,https://www.vlr.gg/543173/shopify-rebellion-gold-vs-prosperity-esports-challengers-2025-north-america-ace-stage-3-r3,Map2,"Yuki
PRS",yoru,194,36
532275,https://www.vlr.gg/532275/9z-team-vs-shinden-challengers-2025-latin-america-finals-winners,Map2,"Klaus
9ZG",sova,249,73
532275,https://www.vlr.gg/532275/9z-team-vs-shinden-challengers-2025-latin-america-finals-winners,Map2,"Tacolilla
9ZG",yoru,228,69
532275,https://www.vlr.gg/532275/9z-team-vs-shinden-challengers-2025-latin-america-finals-winners,Map2,"suther
9ZG",astra,166,50
532275,https://www.vlr.gg/532275/9z-team-vs-shinden-challengers-2025-latin-america-finals-winners,Map2,"NagZ
9ZG",vyse,154,50
532275,https://www.vlr.gg/532275/9z-team-vs-shinden-challengers-2025-latin-america-finals-winners,Map2,"delz1k
9ZG",omen,193,59
532275,https://www.vlr.gg/532275/9z-team-vs-shinden-challengers-2025-latin-america-finals-winners,Map2,"rubkkoide
SHI",omen,199,62
532275,https://www.vlr.gg/532275/9z-team-vs-shinden-challengers-2025-latin-america-finals-winners,Map2,"murizzz
SHI",vyse,203,59
532275,https://www.vlr.gg/532275/9z-team-vs-shinden-challengers-2025-latin-america-finals-winners,Map2,"david
SHI",astra,190,61
532275,https://www.vlr.gg/532275/9z-team-vs-shinden-challengers-2025-latin-america-finals-winners,Map2,"neto
SHI",yoru,212,64
532275,https://www.vlr.gg/532275/9z-team-vs-shinden-challengers-2025-latin-america-finals-winners,Map2,"vaiZ
SHI",sova,170,46
531690,https://www.vlr.gg/531690/team-solid-vs-los-grandes-challengers-2025-brazil-gamers-club-last-chance-qualifier-lf,Map2,"dgzin
TSS",jett,258,100
531690,https://www.vlr.gg/531690/team-solid-vs-los-grandes-challengers-2025-brazil-gamers-club-last-chance-qualifier-lf,Map2,"havoc
TSS",killjoy,207,83
531690,https://www.vlr.gg/531690/team-solid-vs-los-grandes-challengers-2025-brazil-gamers-club-last-chance-qualifier-lf,Map2,"raafa
TSS",omen,172,70
531690,https://www.vlr.gg/531690/team-solid-vs-los-grandes-challengers-2025-brazil-gamers-club-last-chance-qualifier-lf,Map2,"PxS
TSS",kayo,164,63
531690,https://www.vlr.gg/531690/team-solid-vs-los-grandes-challengers-2025-brazil-gamers-club-last-chance-qualifier-lf,Map2,"kon4n
TSS",sova,160,62
531690,https://www.vlr.gg/531690/team-solid-vs-los-grandes-challengers-2025-brazil-gamers-club-last-chance-qualifier-lf,Map2,"mwzera
LOS",sova,204,79
531690,https://www.vlr.gg/531690/team-solid-vs-los-grandes-challengers-2025-brazil-gamers-club-last-chance-qualifier-lf,Map2,"Quick
LOS",jett,222,92
531690,https://www.vlr.gg/531690/team-solid-vs-los-grandes-challengers-2025-brazil-gamers-club-last-chance-qualifier-lf,Map2,"GuhRVN
LOS",omen,157,59
531690,https://www.vlr.gg/531690/team-solid-vs-los-grandes-challengers-2025-brazil-gamers-club-last-chance-qualifier-lf,Map2,"mazin
LOS",kayo,163,70
531690,https://www.vlr.gg/531690/team-solid-vs-los-grandes-challengers-2025-brazil-gamers-club-last-chance-qualifier-lf,Map2,"jzz
LOS",cypher,166,68
543172,https://www.vlr.gg/543172/sad-esports-vs-burger-boyz-challengers-2025-north-america-ace-stage-3-r3,Map2,"welyy
SAD",fade,229,49
543172,https://www.vlr.gg/543172/sad-esports-vs-burger-boyz-challengers-2025-north-america-ace-stage-3-r3,Map2,"bao
SAD",viper,214,49
543172,https://www.vlr.gg/543172/sad-esports-vs-burger-boyz-challengers-2025-north-america-ace-stage-3-r3,Map2,"Jerrwin
SAD",raze,238,54
543172,https://www.vlr.gg/543172/sad-esports-vs-burger-boyz-challengers-2025-north-america-ace-stage-3-r3,Map2,"Shondex
SAD",vyse,210,48
543172,https://www.vlr.gg/543172/sad-esports-vs-burger-boyz-challengers-2025-north-america-ace-stage-3-r3,Map2,"style
SAD",omen,122,0
543172,https://www.vlr.gg/543172/sad-esports-vs-burger-boyz-challengers-2025-north-america-ace-stage-3-r3,Map2,"Boni
BURG",neon,262,59
543172,https://www.vlr.gg/543172/sad-esports-vs-burger-boyz-challengers-2025-north-america-ace-stage-3-r3,Map2,"RetrQ
BURG",fade,214,54
543172,https://www.vlr.gg/543172/sad-esports-vs-burger-boyz-challengers-2025-north-america-ace-stage-3-r3,Map2,"Nanners
BURG",omen,196,43
543172,https://www.vlr.gg/543172/sad-esports-vs-burger-boyz-challengers-2025-north-america-ace-stage-3-r3,Map2,"practo
BURG",vyse,179,39
543172,https://www.vlr.gg/543172/sad-esports-vs-burger-boyz-challengers-2025-north-america-ace-stage-3-r3,Map2,"Tillo
BURG",breach,191,40
532276,https://www.vlr.gg/532276/e-xolos-lazer-vs-six-karma-challengers-2025-latin-america-finals-elim,Map2,"Darker
EXL",fade,228,72
532276,https://www.vlr.gg/532276/e-xolos-lazer-vs-six-karma-challengers-2025-latin-america-finals-elim,Map2,"Mited
EXL",viper,213,62
532276,https://www.vlr.gg/532276/e-xolos-lazer-vs-six-karma-challengers-2025-latin-america-finals-elim,Map2,"Cebando
EXL",omen,171,50
532276,https://www.vlr.gg/532276/e-xolos-lazer-vs-six-karma-challengers-2025-latin-america-finals-elim,Map2,"Feniz
EXL",vyse,176,55
532276,https://www.vlr.gg/532276/e-xolos-lazer-vs-six-karma-challengers-2025-latin-america-finals-elim,Map2,"Tuli
EXL",neon,169,50
532276,https://www.vlr.gg/532276/e-xolos-lazer-vs-six-karma-challengers-2025-latin-america-finals-elim,Map2,"Mephisto
6K",waylay,260,74
532276,https://www.vlr.gg/532276/e-xolos-lazer-vs-six-karma-challengers-2025-latin-america-finals-elim,Map2,"Sabortzz
6K",omen,197,63
532276,https://www.vlr.gg/532276/e-xolos-lazer-vs-six-karma-challengers-2025-latin-america-finals-elim,Map2,"Peloncito
6K",fade,187,54
532276,https://www.vlr.gg/532276/e-xolos-lazer-vs-six-karma-challengers-2025-latin-america-finals-elim,Map2,"Jow
6K",chamber,175,58
532276,https://www.vlr.gg/532276/e-xolos-lazer-vs-six-karma-challengers-2025-latin-america-finals-elim,Map2,"otaQ
6K",kayo,178,52
535402,https://www.vlr.gg/535402/twisted-minds-vs-ulf-esports-challengers-2025-emea-stage-3-ubsf,Map2,"sickrey
TWS",fade,244,66
535402,https://www.vlr.gg/535402/twisted-minds-vs-ulf-esports-challengers-2025-emea-stage-3-ubsf,Map2,"Zimo
TWS",viper,198,57
535402,https://www.vlr.gg/535402/twisted-minds-vs-ulf-esports-challengers-2025-emea-stage-3-ubsf,Map2,"ExiT
TWS",raze,262,69
535402,https://www.vlr.gg/535402/twisted-minds-vs-ulf-esports-challengers-2025-emea-stage-3-ubsf,Map2,"Jesse
TWS",omen,196,53
535402,https://www.vlr.gg/535402/twisted-minds-vs-ulf-esports-challengers-2025-emea-stage-3-ubsf,Map2,"Sand
TWS",killjoy,146,39
535402,https://www.vlr.gg/535402/twisted-minds-vs-ulf-esports-challengers-2025-emea-stage-3-ubsf,Map2,"audaz
ULF",omen,214,59
535402,https://www.vlr.gg/535402/twisted-minds-vs-ulf-esports-challengers-2025-emea-stage-3-ubsf,Map2,"s0pp
ULF",yoru,206,60
535402,https://www.vlr.gg/535402/twisted-minds-vs-ulf-esports-challengers-2025-emea-stage-3-ubsf,Map2,"echo
ULF",vyse,215,60
535402,https://www.vlr.gg/535402/twisted-minds-vs-ulf-esports-challengers-2025-emea-stage-3-ubsf,Map2,"Favian
ULF",raze,186,50
535402,https://www.vlr.gg/535402/twisted-minds-vs-ulf-esports-challengers-2025-emea-stage-3-ubsf,Map2,"nekky
ULF",fade,162,41
535401,https://www.vlr.gg/535401/mandatory-vs-dnsty-challengers-2025-emea-stage-3-ubsf,Map2,"TakaS
MDR",deadlock,220,46
535401,https://www.vlr.gg/535401/mandatory-vs-dnsty-challengers-2025-emea-stage-3-ubsf,Map2,"Enzo
MDR",sova,199,41
535401,https://www.vlr.gg/535401/mandatory-vs-dnsty-challengers-2025-emea-stage-3-ubsf,Map2,"mikee
MDR",omen,180,42
535401,https://www.vlr.gg/535401/mandatory-vs-dnsty-challengers-2025-emea-stage-3-ubsf,Map2,"keloqz
MDR",yoru,162,40
535401,https://www.vlr.gg/535401/mandatory-vs-dnsty-challengers-2025-emea-stage-3-ubsf,Map2,"HyP
MDR",cypher,110,0
535401,https://www.vlr.gg/535401/mandatory-vs-dnsty-challengers-2025-emea-stage-3-ubsf,Map2,"waddle
DSY",fade,202,46
535401,https://www.vlr.gg/535401/mandatory-vs-dnsty-challengers-2025-emea-stage-3-ubsf,Map2,"Creamydreamy
DSY",viper,216,50
535401,https://www.vlr.gg/535401/mandatory-vs-dnsty-challengers-2025-emea-stage-3-ubsf,Map2,"Tag
DSY",killjoy,203,48
535401,https://www.vlr.gg/535401/mandatory-vs-dnsty-challengers-2025-emea-stage-3-ubsf,Map2,"Famsii
DSY",raze,273,60
535401,https://www.vlr.gg/535401/mandatory-vs-dnsty-challengers-2025-emea-stage-3-ubsf,Map2,"Ticey
DSY",omen,185,38
521249,https://www.vlr.gg/521249/naos-vs-full-sense-challengers-2025-southeast-asia-split-3-lbf,Map2,"xavi8k
NAOS",sova,209,69
521249,https://www.vlr.gg/521249/naos-vs-full-sense-challengers-2025-southeast-asia-split-3-lbf,Map2,"Mojer
NAOS",omen,182,50
521249,https://www.vlr.gg/521249/naos-vs-full-sense-challengers-2025-southeast-asia-split-3-lbf,Map2,"Xan
NAOS",neon,193,60
521249,https://www.vlr.gg/521249/naos-vs-full-sense-challengers-2025-southeast-asia-split-3-lbf,Map2,"PTC
NAOS",cypher,155,55
521249,https://www.vlr.gg/521249/naos-vs-full-sense-challengers-2025-southeast-asia-split-3-lbf,Map2,"Nakya
NAOS",yoru,170,57
521249,https://www.vlr.gg/521249/naos-vs-full-sense-challengers-2025-southeast-asia-split-3-lbf,Map2,"Laz
FS",cypher,219,74
521249,https://www.vlr.gg/521249/naos-vs-full-sense-challengers-2025-southeast-asia-split-3-lbf,Map2,"seph1roth
FS",viper,206,69
521249,https://www.vlr.gg/521249/naos-vs-full-sense-challengers-2025-southeast-asia-split-3-lbf,Map2,"Leviathan
FS",omen,221,73
521249,https://www.vlr.gg/521249/naos-vs-full-sense-challengers-2025-southeast-asia-split-3-lbf,Map2,"Potter
FS",neon,193,68
521249,https://www.vlr.gg/521249/naos-vs-full-sense-challengers-2025-southeast-asia-split-3-lbf,Map2,"qqGOD
FS",sova,162,38
538576,https://www.vlr.gg/538576/funplus-phoenix-vs-wolves-esports-china-evolution-series-act-3-cf,Map2,"Autumn
FPX",phoenix,237,60
538576,https://www.vlr.gg/538576/funplus-phoenix-vs-wolves-esports-china-evolution-series-act-3-cf,Map2,"AAAAY
FPX",sova,210,55
538576,https://www.vlr.gg/538576/funplus-phoenix-vs-wolves-esports-china-evolution-series-act-3-cf,Map2,"yosemite
FPX",killjoy,190,48
538576,https://www.vlr.gg/538576/funplus-phoenix-vs-wolves-esports-china-evolution-series-act-3-cf,Map2,"Life
FPX",waylay,176,44
538576,https://www.vlr.gg/538576/funplus-phoenix-vs-wolves-esports-china-evolution-series-act-3-cf,Map2,"BerLIN
FPX",omen,154,32
538576,https://www.vlr.gg/538576/funplus-phoenix-vs-wolves-esports-china-evolution-series-act-3-cf,Map2,"Yuicaw
WOL",sova,231,52
538576,https://www.vlr.gg/538576/funplus-phoenix-vs-wolves-esports-china-evolution-series-act-3-cf,Map2,"Juicy
WOL",yoru,227,57
538576,https://www.vlr.gg/538576/funplus-phoenix-vs-wolves-esports-china-evolution-series-act-3-cf,Map2,"Spring
WOL",sage,206,56
538576,https://www.vlr.gg/538576/funplus-phoenix-vs-wolves-esports-china-evolution-series-act-3-cf,Map2,"Lysoar
WOL",cypher,199,49
538576,https://www.vlr.gg/538576/funplus-phoenix-vs-wolves-esports-china-evolution-series-act-3-cf,Map2,"SiuFatBB
WOL",astra,131,32
528187,https://www.vlr.gg/528187/fearx-vs-slt-seongnam-challengers-2025-korea-wdg-road-to-ascension-gf,Map2,"Kally
BFX",sova,205,56
528187,https://www.vlr.gg/528187/fearx-vs-slt-seongnam-challengers-2025-korea-wdg-road-to-ascension-gf,Map2,"Cloy
BFX",viper,176,50
528187,https://www.vlr.gg/528187/fearx-vs-slt-seongnam-challengers-2025-korea-wdg-road-to-ascension-gf,Map2,"Banger
BFX",killjoy,168,45
528187,https://www.vlr.gg/528187/fearx-vs-slt-seongnam-challengers-2025-korea-wdg-road-to-ascension-gf,Map2,"Hermes
BFX",neon,201,54
528187,https://www.vlr.gg/528187/fearx-vs-slt-seongnam-challengers-2025-korea-wdg-road-to-ascension-gf,Map2,"SID
BFX",yoru,173,46
528187,https://www.vlr.gg/528187/fearx-vs-slt-seongnam-challengers-2025-korea-wdg-road-to-ascension-gf,Map2,"Zexy
SLT",jett,267,76
528187,https://www.vlr.gg/528187/fearx-vs-slt-seongnam-challengers-2025-korea-wdg-road-to-ascension-gf,Map2,"Klaus
SLT",killjoy,208,62
528187,https://www.vlr.gg/528187/fearx-vs-slt-seongnam-challengers-2025-korea-wdg-road-to-ascension-gf,Map2,"C1ndeR
SLT",sage,167,48
528187,https://www.vlr.gg/528187/fearx-vs-slt-seongnam-challengers-2025-korea-wdg-road-to-ascension-gf,Map2,"oonzmlp
SLT",viper,194,51
528187,https://www.vlr.gg/528187/fearx-vs-slt-seongnam-challengers-2025-korea-wdg-road-to-ascension-gf,Map2,"XuNa
SLT",sova,162,47
531688,https://www.vlr.gg/531688/team-solid-vs-red-canids-challengers-2025-brazil-gamers-club-last-chance-qualifier-ubf,Map2,"havoc
TSS",cypher,244,52
531688,https://www.vlr.gg/531688/team-solid-vs-red-canids-challengers-2025-brazil-gamers-club-last-chance-qualifier-ubf,Map2,"kon4n
TSS",breach,177,38
531688,https://www.vlr.gg/531688/team-solid-vs-red-canids-challengers-2025-brazil-gamers-club-last-chance-qualifier-ubf,Map2,"PxS
TSS",fade,184,39
531688,https://www.vlr.gg/531688/team-solid-vs-red-canids-challengers-2025-brazil-gamers-club-last-chance-qualifier-ubf,Map2,"dgzin
TSS",neon,205,42
531688,https://www.vlr.gg/531688/team-solid-vs-red-canids-challengers-2025-brazil-gamers-club-last-chance-qualifier-ubf,Map2,"raafa
TSS",omen,128,0
531688,https://www.vlr.gg/531688/team-solid-vs-red-canids-challengers-2025-brazil-gamers-club-last-chance-qualifier-ubf,Map2,"frz
RED",cypher,216,49
531688,https://www.vlr.gg/531688/team-solid-vs-red-canids-challengers-2025-brazil-gamers-club-last-chance-qualifier-ubf,Map2,"RgLMeister
RED",omen,204,45
531688,https://www.vlr.gg/531688/team-solid-vs-red-canids-challengers-2025-brazil-gamers-club-last-chance-qualifier-ubf,Map2,"prozin
RED",phoenix,211,50
531688,https://www.vlr.gg/531688/team-solid-vs-red-canids-challengers-2025-brazil-gamers-club-last-chance-qualifier-ubf,Map2,"gaabxx
RED",sova,184,38
531688,https://www.vlr.gg/531688/team-solid-vs-red-canids-challengers-2025-brazil-gamers-club-last-chance-qualifier-ubf,Map2,"maestr0
RED",yoru,200,44
543171,https://www.vlr.gg/543171/sad-esports-vs-prosperity-esports-challengers-2025-north-america-ace-stage-3-r2,Map2,"Shondex
SAD",vyse,351,81
543171,https://www.vlr.gg/543171/sad-esports-vs-prosperity-esports-challengers-2025-north-america-ace-stage-3-r2,Map2,"bao
SAD",viper,224,50
543171,https://www.vlr.gg/543171/sad-esports-vs-prosperity-esports-challengers-2025-north-america-ace-stage-3-r2,Map2,"Jerrwin
SAD",raze,205,46
543171,https://www.vlr.gg/543171/sad-esports-vs-prosperity-esports-challengers-2025-north-america-ace-stage-3-r2,Map2,"welyy
SAD",fade,166,35
543171,https://www.vlr.gg/543171/sad-esports-vs-prosperity-esports-challengers-2025-north-america-ace-stage-3-r2,Map2,"Dogo
SAD",omen,122,0
543171,https://www.vlr.gg/543171/sad-esports-vs-prosperity-esports-challengers-2025-north-america-ace-stage-3-r2,Map2,"Izo
PRS",fade,175,41
543171,https://www.vlr.gg/543171/sad-esports-vs-prosperity-esports-challengers-2025-north-america-ace-stage-3-r2,Map2,"VantiK
PRS",omen,171,37
543171,https://www.vlr.gg/543171/sad-esports-vs-prosperity-esports-challengers-2025-north-america-ace-stage-3-r2,Map2,"Yuki
PRS",kayo,172,34
543171,https://www.vlr.gg/543171/sad-esports-vs-prosperity-esports-challengers-2025-north-america-ace-stage-3-r2,Map2,"Bearrett
PRS",viper,140,31
543171,https://www.vlr.gg/543171/sad-esports-vs-prosperity-esports-challengers-2025-north-america-ace-stage-3-r2,Map2,"Manny
PRS",neon,217,45
532274,https://www.vlr.gg/532274/shinden-vs-six-karma-challengers-2025-latin-america-finals-opening,Map2,"rubkkoide
SHI",viper,249,38
532274,https://www.vlr.gg/532274/shinden-vs-six-karma-challengers-2025-latin-america-finals-opening,Map2,"neto
SHI",neon,244,38
532274,https://www.vlr.gg/532274/shinden-vs-six-karma-challengers-2025-latin-america-finals-opening,Map2,"david
SHI",omen,185,0
532274,https://www.vlr.gg/532274/shinden-vs-six-karma-challengers-2025-latin-america-finals-opening,Map2,"vaiZ
SHI",fade,172,0
532274,https://www.vlr.gg/532274/shinden-vs-six-karma-challengers-2025-latin-america-finals-opening,Map2,"murizzz
SHI",vyse,215,31
532274,https://www.vlr.gg/532274/shinden-vs-six-karma-challengers-2025-latin-america-finals-opening,Map2,"Jow
6K",chamber,238,37
532274,https://www.vlr.gg/532274/shinden-vs-six-karma-challengers-2025-latin-america-finals-opening,Map2,"Mephisto
6K",waylay,210,0
532274,https://www.vlr.gg/532274/shinden-vs-six-karma-challengers-2025-latin-america-finals-opening,Map2,"otaQ
6K",kayo,161,0
532274,https://www.vlr.gg/532274/shinden-vs-six-karma-challengers-2025-latin-america-finals-opening,Map2,"Peloncito
6K",fade,173,0
532274,https://www.vlr.gg/532274/shinden-vs-six-karma-challengers-2025-latin-america-finals-opening,Map2,"Sabortzz
6K",omen,129,0
531689,https://www.vlr.gg/531689/los-grandes-vs-corinthians-esports-challengers-2025-brazil-gamers-club-last-chance-qualifier-lr1,Map2,"jzz
LOS",viper,227,37
531689,https://www.vlr.gg/531689/los-grandes-vs-corinthians-esports-challengers-2025-brazil-gamers-club-last-chance-qualifier-lr1,Map2,"mazin
LOS",kayo,217,37
531689,https://www.vlr.gg/531689/los-grandes-vs-corinthians-esports-challengers-2025-brazil-gamers-club-last-chance-qualifier-lr1,Map2,"GuhRVN
LOS",brimstone,185,0
531689,https://www.vlr.gg/531689/los-grandes-vs-corinthians-esports-challengers-2025-brazil-gamers-club-last-chance-qualifier-lr1,Map2,"Quick
LOS",raze,185,0
531689,https://www.vlr.gg/531689/los-grandes-vs-corinthians-esports-challengers-2025-brazil-gamers-club-last-chance-qualifier-lr1,Map2,"mwzera
LOS",fade,223,35
531689,https://www.vlr.gg/531689/los-grandes-vs-corinthians-esports-challengers-2025-brazil-gamers-club-last-chance-qualifier-lr1,Map2,"nevoy
SCCP",brimstone,193,31
531689,https://www.vlr.gg/531689/los-grandes-vs-corinthians-esports-challengers-2025-brazil-gamers-club-last-chance-qualifier-lr1,Map2,"pollo
SCCP",vyse,218,34
531689,https://www.vlr.gg/531689/los-grandes-vs-corinthians-esports-challengers-2025-brazil-gamers-club-last-chance-qualifier-lr1,Map2,"tkzin
SCCP",yoru,197,32
531689,https://www.vlr.gg/531689/los-grandes-vs-corinthians-esports-challengers-2025-brazil-gamers-club-last-chance-qualifier-lr1,Map2,"liazzi
SCCP",deadlock,178,0
531689,https://www.vlr.gg/531689/los-grandes-vs-corinthians-esports-challengers-2025-brazil-gamers-club-last-chance-qualifier-lr1,Map2,"shion
SCCP",tejo,132,0
543170,https://www.vlr.gg/543170/shopify-rebellion-gold-vs-burger-boyz-challengers-2025-north-america-ace-stage-3-r2,Map2,"dodonut
SRG",neon,275,70
543170,https://www.vlr.gg/543170/shopify-rebellion-gold-vs-burger-boyz-challengers-2025-north-america-ace-stage-3-r2,Map2,"alexis
SRG",deadlock,189,50
543170,https://www.vlr.gg/543170/shopify-rebellion-gold-vs-burger-boyz-challengers-2025-north-america-ace-stage-3-r2,Map2,"sarahcat
SRG",sova,245,56
543170,https://www.vlr.gg/543170/shopify-rebellion-gold-vs-burger-boyz-challengers-2025-north-america-ace-stage-3-r2,Map2,"meL
SRG",omen,158,36
543170,https://www.vlr.gg/543170/shopify-rebellion-gold-vs-burger-boyz-challengers-2025-north-america-ace-stage-3-r2,Map2,"Noia
SRG",cypher,98,0
543170,https://www.vlr.gg/543170/shopify-rebellion-gold-vs-burger-boyz-challengers-2025-north-america-ace-stage-3-r2,Map2,"RetrQ
BURG",breach,216,55
543170,https://www.vlr.gg/543170/shopify-rebellion-gold-vs-burger-boyz-challengers-2025-north-america-ace-stage-3-r2,Map2,"practo
BURG",cypher,221,55
543170,https://www.vlr.gg/543170/shopify-rebellion-gold-vs-burger-boyz-challengers-2025-north-america-ace-stage-3-r2,Map2,"Boni
BURG",neon,250,59
543170,https://www.vlr.gg/543170/shopify-rebellion-gold-vs-burger-boyz-challengers-2025-north-america-ace-stage-3-r2,Map2,"Nanners
BURG",omen,172,44
543170,https://www.vlr.gg/543170/shopify-rebellion-gold-vs-burger-boyz-challengers-2025-north-america-ace-stage-3-r2,Map2,"Tillo
BURG",sova,167,39
532273,https://www.vlr.gg/532273/e-xolos-lazer-vs-9z-team-challengers-2025-latin-america-finals-opening,Map2,"Mited
EXL",sova,198,44
532273,https://www.vlr.gg/532273/e-xolos-lazer-vs-9z-team-challengers-2025-latin-america-finals-opening,Map2,"Darker
EXL",yoru,238,48
532273,https://www.vlr.gg/532273/e-xolos-lazer-vs-9z-team-challengers-2025-latin-america-finals-opening,Map2,"Feniz
EXL",cypher,180,39
532273,https://www.vlr.gg/532273/e-xolos-lazer-vs-9z-team-challengers-2025-latin-america-finals-opening,Map2,"Cebando
EXL",astra,171,36
532273,https://www.vlr.gg/532273/e-xolos-lazer-vs-9z-team-challengers-2025-latin-america-finals-opening,Map2,"Tuli
EXL",jett,175,34
532273,https://www.vlr.gg/532273/e-xolos-lazer-vs-9z-team-challengers-2025-latin-america-finals-opening,Map2,"suther
9ZG",astra,232,52
532273,https://www.vlr.gg/532273/e-xolos-lazer-vs-9z-team-challengers-2025-latin-america-finals-opening,Map2,"Tacolilla
9ZG",yoru,236,51
532273,https://www.vlr.gg/532273/e-xolos-lazer-vs-9z-team-challengers-2025-latin-america-finals-opening,Map2,"Klaus
9ZG",sova,218,43
532273,https://www.vlr.gg/532273/e-xolos-lazer-vs-9z-team-challengers-2025-latin-america-finals-opening,Map2,"NagZ
9ZG",vyse,182,36
532273,https://www.vlr.gg/532273/e-xolos-lazer-vs-9z-team-challengers-2025-latin-america-finals-opening,Map2,"delz1k
9ZG",omen,181,38
538442,https://www.vlr.gg/538442/ulf-esports-vs-d-ti-ulice-challengers-2025-emea-stage-3-group-stage-d5,Map2,"s0pp
ULF",neon,240,53
538442,https://www.vlr.gg/538442/ulf-esports-vs-d-ti-ulice-challengers-2025-emea-stage-3-group-stage-d5,Map2,"audaz
ULF",omen,205,46
538442,https://www.vlr.gg/538442/ulf-esports-vs-d-ti-ulice-challengers-2025-emea-stage-3-group-stage-d5,Map2,"echo
ULF",vyse,215,49
538442,https://www.vlr.gg/538442/ulf-esports-vs-d-ti-ulice-challengers-2025-emea-stage-3-group-stage-d5,Map2,"nekky
ULF",fade,175,39
538442,https://www.vlr.gg/538442/ulf-esports-vs-d-ti-ulice-challengers-2025-emea-stage-3-group-stage-d5,Map2,"Favian
ULF",kayo,204,45
538442,https://www.vlr.gg/538442/ulf-esports-vs-d-ti-ulice-challengers-2025-emea-stage-3-group-stage-d5,Map2,"MaximN
DET",fade,188,43
538442,https://www.vlr.gg/538442/ulf-esports-vs-d-ti-ulice-challengers-2025-emea-stage-3-group-stage-d5,Map2,"basya
DET",viper,223,48
538442,https://www.vlr.gg/538442/ulf-esports-vs-d-ti-ulice-challengers-2025-emea-stage-3-group-stage-d5,Map2,"kya
DET",omen,174,43
538442,https://www.vlr.gg/538442/ulf-esports-vs-d-ti-ulice-challengers-2025-emea-stage-3-group-stage-d5,Map2,"Nunmeister
DET",vyse,163,33
538442,https://www.vlr.gg/538442/ulf-esports-vs-d-ti-ulice-challengers-2025-emea-stage-3-group-stage-d5,Map2,"Fractioned
DET",neon,171,36
521246,https://www.vlr.gg/521246/motiv-esports-vs-naos-challengers-2025-southeast-asia-split-3-ubf,Map2,"STYRON
MTV",sova,310,39
521246,https://www.vlr.gg/521246/motiv-esports-vs-naos-challengers-2025-southeast-asia-split-3-ubf,Map2,"wayne
MTV",sage,270,37
521246,https://www.vlr.gg/521246/motiv-esports-vs-naos-challengers-2025-southeast-asia-split-3-ubf,Map2,"Flaring
MTV",viper,205,0
521246,https://www.vlr.gg/521246/motiv-esports-vs-naos-challengers-2025-southeast-asia-split-3-ubf,Map2,"Sushiboys
MTV",killjoy,163,0
521246,https://www.vlr.gg/521246/motiv-esports-vs-naos-challengers-2025-southeast-asia-split-3-ubf,Map2,"Vera
MTV",jett,224,0
521246,https://www.vlr.gg/521246/motiv-esports-vs-naos-challengers-2025-southeast-asia-split-3-ubf,Map2,"xavi8k
NAOS",sova,271,34
521246,https://www.vlr.gg/521246/motiv-esports-vs-naos-challengers-2025-southeast-asia-split-3-ubf,Map2,"PTC
NAOS",viper,203,0
521246,https://www.vlr.gg/521246/motiv-esports-vs-naos-challengers-2025-southeast-asia-split-3-ubf,Map2,"Nakya
NAOS",chamber,213,0
521246,https://www.vlr.gg/521246/motiv-esports-vs-naos-challengers-2025-southeast-asia-split-3-ubf,Map2,"Xan
NAOS",neon,152,0
521246,https://www.vlr.gg/521246/motiv-esports-vs-naos-challengers-2025-southeast-asia-split-3-ubf,Map2,"Mojer
NAOS",omen,108,0
538441,https://www.vlr.gg/538441/boars-vs-twisted-minds-challengers-2025-emea-stage-3-group-stage-d5,Map2,"nvrfear
BOA",fade,226,42
538441,https://www.vlr.gg/538441/boars-vs-twisted-minds-challengers-2025-emea-stage-3-group-stage-d5,Map2,"Javelin
BOA",viper,210,32
538441,https://www.vlr.gg/538441/boars-vs-twisted-minds-challengers-2025-emea-stage-3-group-stage-d5,Map2,"Kolosha
BOA",yoru,220,34
538441,https://www.vlr.gg/538441/boars-vs-twisted-minds-challengers-2025-emea-stage-3-group-stage-d5,Map2,"troizyyy
BOA",brimstone,134,0
538441,https://www.vlr.gg/538441/boars-vs-twisted-minds-challengers-2025-emea-stage-3-group-stage-d5,Map2,"RARE
BOA",raze,126,0
538441,https://www.vlr.gg/538441/boars-vs-twisted-minds-challengers-2025-emea-stage-3-group-stage-d5,Map2,"ExiT
TWS",yoru,344,55
538441,https://www.vlr.gg/538441/boars-vs-twisted-minds-challengers-2025-emea-stage-3-group-stage-d5,Map2,"sickrey
TWS",fade,190,31
538441,https://www.vlr.gg/538441/boars-vs-twisted-minds-challengers-2025-emea-stage-3-group-stage-d5,Map2,"Sand
TWS",raze,204,34
538441,https://www.vlr.gg/538441/boars-vs-twisted-minds-challengers-2025-emea-stage-3-group-stage-d5,Map2,"Jesse
TWS",viper,166,0
538441,https://www.vlr.gg/538441/boars-vs-twisted-minds-challengers-2025-emea-stage-3-group-stage-d5,Map2,"Zimo
TWS",brimstone,155,0
538574,https://www.vlr.gg/538574/jdg-esports-vs-wolves-esports-china-evolution-series-act-3-sf,Map2,"Z1yan
JDG",vyse,261,50
538574,https://www.vlr.gg/538574/jdg-esports-vs-wolves-esports-china-evolution-series-act-3-sf,Map2,"kklin
JDG",viper,248,48
538574,https://www.vlr.gg/538574/jdg-esports-vs-wolves-esports-china-evolution-series-act-3-sf,Map2,"stew
JDG",raze,212,40
538574,https://www.vlr.gg/538574/jdg-esports-vs-wolves-esports-china-evolution-series-act-3-sf,Map2,"jkuro
JDG",omen,168,32
538574,https://www.vlr.gg/538574/jdg-esports-vs-wolves-esports-china-evolution-series-act-3-sf,Map2,"Babyblue
JDG",fade,168,35
538574,https://www.vlr.gg/538574/jdg-esports-vs-wolves-esports-china-evolution-series-act-3-sf,Map2,"Lysoar
WOL",vyse,225,42
538574,https://www.vlr.gg/538574/jdg-esports-vs-wolves-esports-china-evolution-series-act-3-sf,Map2,"Yuicaw
WOL",omen,217,38
538574,https://www.vlr.gg/538574/jdg-esports-vs-wolves-esports-china-evolution-series-act-3-sf,Map2,"Spring
WOL",viper,212,41
538574,https://www.vlr.gg/538574/jdg-esports-vs-wolves-esports-china-evolution-series-act-3-sf,Map2,"Juicy
WOL",raze,206,37
538574,https://www.vlr.gg/538574/jdg-esports-vs-wolves-esports-china-evolution-series-act-3-sf,Map2,"SiuFatBB
WOL",fade,152,0
521248,https://www.vlr.gg/521248/full-sense-vs-team-nkt-challengers-2025-southeast-asia-split-3-lr1,Map2,"Leviathan
FS",vyse,253,56
521248,https://www.vlr.gg/521248/full-sense-vs-team-nkt-challengers-2025-southeast-asia-split-3-lr1,Map2,"seph1roth
FS",omen,219,53
521248,https://www.vlr.gg/521248/full-sense-vs-team-nkt-challengers-2025-southeast-asia-split-3-lr1,Map2,"Potter
FS",yoru,194,49
521248,https://www.vlr.gg/521248/full-sense-vs-team-nkt-challengers-2025-southeast-asia-split-3-lr1,Map2,"Laz
FS",viper,143,31
521248,https://www.vlr.gg/521248/full-sense-vs-team-nkt-challengers-2025-southeast-asia-split-3-lr1,Map2,"qqGOD
FS",fade,138,0
521248,https://www.vlr.gg/521248/full-sense-vs-team-nkt-challengers-2025-southeast-asia-split-3-lr1,Map2,"ZRIP
NKT",raze,264,60
521248,https://www.vlr.gg/521248/full-sense-vs-team-nkt-challengers-2025-southeast-asia-split-3-lr1,Map2,"aLerT
NKT",cypher,188,45
521248,https://www.vlr.gg/521248/full-sense-vs-team-nkt-challengers-2025-southeast-asia-split-3-lr1,Map2,"PoomOneLove
NKT",kayo,182,41
521248,https://www.vlr.gg/521248/full-sense-vs-team-nkt-challengers-2025-southeast-asia-split-3-lr1,Map2,"D4rf
NKT",omen,217,50
521248,https://www.vlr.gg/521248/full-sense-vs-team-nkt-challengers-2025-southeast-asia-split-3-lr1,Map2,"socools0da
NKT",sova,179,38
538573,https://www.vlr.gg/538573/titan-esports-club-vs-funplus-phoenix-china-evolution-series-act-3-sf,Map2,"lucas
TEC",sova,265,67
538573,https://www.vlr.gg/538573/titan-esports-club-vs-funplus-phoenix-china-evolution-series-act-3-sf,Map2,"Coco
TEC",viper,233,59
538573,https://www.vlr.gg/538573/titan-esports-club-vs-funplus-phoenix-china-evolution-series-act-3-sf,Map2,"Haodong
TEC",omen,210,53
538573,https://www.vlr.gg/538573/titan-esports-club-vs-funplus-phoenix-china-evolution-series-act-3-sf,Map2,"Dynamite
TEC",neon,191,48
538573,https://www.vlr.gg/538573/titan-esports-club-vs-funplus-phoenix-china-evolution-series-act-3-sf,Map2,"Abo
TEC",deadlock,143,32
538573,https://www.vlr.gg/538573/titan-esports-club-vs-funplus-phoenix-china-evolution-series-act-3-sf,Map2,"Autumn
FPX",reyna,222,53
538573,https://www.vlr.gg/538573/titan-esports-club-vs-funplus-phoenix-china-evolution-series-act-3-sf,Map2,"AAAAY
FPX",sova,218,57
538573,https://www.vlr.gg/538573/titan-esports-club-vs-funplus-phoenix-china-evolution-series-act-3-sf,Map2,"BerLIN
FPX",omen,189,44
538573,https://www.vlr.gg/538573/titan-esports-club-vs-funplus-phoenix-china-evolution-series-act-3-sf,Map2,"yosemite
FPX",cypher,175,40
538573,https://www.vlr.gg/538573/titan-esports-club-vs-funplus-phoenix-china-evolution-series-act-3-sf,Map2,"Life
FPX",neon,142,38
543169,https://www.vlr.gg/543169/sad-esports-vs-shopify-rebellion-gold-challengers-2025-north-america-ace-stage-3-r1,Map2,"welyy
SAD",fade,226,56
543169,https://www.vlr.gg/543169/sad-esports-vs-shopify-rebellion-gold-challengers-2025-north-america-ace-stage-3-r1,Map2,"bao
SAD",omen,220,56
543169,https://www.vlr.gg/543169/sad-esports-vs-shopify-rebellion-gold-challengers-2025-north-america-ace-stage-3-r1,Map2,"Shondex
SAD",vyse,218,53
543169,https://www.vlr.gg/543169/sad-esports-vs-shopify-rebellion-gold-challengers-2025-north-america-ace-stage-3-r1,Map2,"Jerrwin
SAD",waylay,234,58
543169,https://www.vlr.gg/543169/sad-esports-vs-shopify-rebellion-gold-challengers-2025-north-america-ace-stage-3-r1,Map2,"Dogo
SAD",viper,160,39
543169,https://www.vlr.gg/543169/sad-esports-vs-shopify-rebellion-gold-challengers-2025-north-america-ace-stage-3-r1,Map2,"dodonut
SRG",yoru,246,62
543169,https://www.vlr.gg/543169/sad-esports-vs-shopify-rebellion-gold-challengers-2025-north-america-ace-stage-3-r1,Map2,"sarahcat
SRG",sova,231,56
543169,https://www.vlr.gg/543169/sad-esports-vs-shopify-rebellion-gold-challengers-2025-north-america-ace-stage-3-r1,Map2,"alexis
SRG",deadlock,182,45
543169,https://www.vlr.gg/543169/sad-esports-vs-shopify-rebellion-gold-challengers-2025-north-america-ace-stage-3-r1,Map2,"Noia
SRG",cypher,150,40
543169,https://www.vlr.gg/543169/sad-esports-vs-shopify-rebellion-gold-challengers-2025-north-america-ace-stage-3-r1,Map2,"meL
SRG",omen,125,0
531687,https://www.vlr.gg/531687/corinthians-esports-vs-red-canids-challengers-2025-brazil-gamers-club-last-chance-qualifier-ubsf,Map2,"shion
SCCP",fade,207,37
531687,https://www.vlr.gg/531687/corinthians-esports-vs-red-canids-challengers-2025-brazil-gamers-club-last-chance-qualifier-ubsf,Map2,"pollo
SCCP",viper,191,38
531687,https://www.vlr.gg/531687/corinthians-esports-vs-red-canids-challengers-2025-brazil-gamers-club-last-chance-qualifier-ubsf,Map2,"liazzi
SCCP",vyse,215,41
531687,https://www.vlr.gg/531687/corinthians-esports-vs-red-canids-challengers-2025-brazil-gamers-club-last-chance-qualifier-ubsf,Map2,"tkzin
SCCP",neon,191,36
531687,https://www.vlr.gg/531687/corinthians-esports-vs-red-canids-challengers-2025-brazil-gamers-club-last-chance-qualifier-ubsf,Map2,"nevoy
SCCP",omen,133,0
531687,https://www.vlr.gg/531687/corinthians-esports-vs-red-canids-challengers-2025-brazil-gamers-club-last-chance-qualifier-ubsf,Map2,"frz
RED",chamber,208,43
531687,https://www.vlr.gg/531687/corinthians-esports-vs-red-canids-challengers-2025-brazil-gamers-club-last-chance-qualifier-ubsf,Map2,"prozin
RED",viper,203,36
531687,https://www.vlr.gg/531687/corinthians-esports-vs-red-canids-challengers-2025-brazil-gamers-club-last-chance-qualifier-ubsf,Map2,"RgLMeister
RED",omen,193,36
531687,https://www.vlr.gg/531687/corinthians-esports-vs-red-canids-challengers-2025-brazil-gamers-club-last-chance-qualifier-ubsf,Map2,"maestr0
RED",neon,250,49
531687,https://www.vlr.gg/531687/corinthians-esports-vs-red-canids-challengers-2025-brazil-gamers-club-last-chance-qualifier-ubsf,Map2,"gaabxx
RED",fade,166,33
524957,https://www.vlr.gg/524957/myvra-gc-vs-contra-gc-game-changers-2025-latam-main-event-lbf,Map2,"WIRE
MVR.GC",raze,364,113
524957,https://www.vlr.gg/524957/myvra-gc-vs-contra-gc-game-changers-2025-latam-main-event-lbf,Map2,"JenNy
MVR.GC",vyse,259,80
524957,https://www.vlr.gg/524957/myvra-gc-vs-contra-gc-game-changers-2025-latam-main-event-lbf,Map2,"Andrehs
MVR.GC",omen,179,56
524957,https://www.vlr.gg/524957/myvra-gc-vs-contra-gc-game-changers-2025-latam-main-event-lbf,Map2,"JuW
MVR.GC",fade,166,56
524957,https://www.vlr.gg/524957/myvra-gc-vs-contra-gc-game-changers-2025-latam-main-event-lbf,Map2,"Vefa
MVR.GC",viper,144,45
524957,https://www.vlr.gg/524957/myvra-gc-vs-contra-gc-game-changers-2025-latam-main-event-lbf,Map2,"Atisca
BBB.GC",raze,213,67
524957,https://www.vlr.gg/524957/myvra-gc-vs-contra-gc-game-changers-2025-latam-main-event-lbf,Map2,"Buffala
BBB.GC",omen,227,66
524957,https://www.vlr.gg/524957/myvra-gc-vs-contra-gc-game-changers-2025-latam-main-event-lbf,Map2,"yanbry
BBB.GC",yoru,203,64
524957,https://www.vlr.gg/524957/myvra-gc-vs-contra-gc-game-changers-2025-latam-main-event-lbf,Map2,"GuterWoman
BBB.GC",vyse,148,43
524957,https://www.vlr.gg/524957/myvra-gc-vs-contra-gc-game-changers-2025-latam-main-event-lbf,Map2,"Morgan
BBB.GC",fade,131,40
531686,https://www.vlr.gg/531686/los-grandes-vs-team-solid-challengers-2025-brazil-gamers-club-last-chance-qualifier-ubsf,Map2,"Quick
LOS",neon,255,64
531686,https://www.vlr.gg/531686/los-grandes-vs-team-solid-challengers-2025-brazil-gamers-club-last-chance-qualifier-ubsf,Map2,"mwzera
LOS",sova,222,48
531686,https://www.vlr.gg/531686/los-grandes-vs-team-solid-challengers-2025-brazil-gamers-club-last-chance-qualifier-ubsf,Map2,"GuhRVN
LOS",omen,138,35
531686,https://www.vlr.gg/531686/los-grandes-vs-team-solid-challengers-2025-brazil-gamers-club-last-chance-qualifier-ubsf,Map2,"jzz
LOS",cypher,172,40
531686,https://www.vlr.gg/531686/los-grandes-vs-team-solid-challengers-2025-brazil-gamers-club-last-chance-qualifier-ubsf,Map2,"mazin
LOS",kayo,128,0
531686,https://www.vlr.gg/531686/los-grandes-vs-team-solid-challengers-2025-brazil-gamers-club-last-chance-qualifier-ubsf,Map2,"PxS
TSS",fade,250,61
531686,https://www.vlr.gg/531686/los-grandes-vs-team-solid-challengers-2025-brazil-gamers-club-last-chance-qualifier-ubsf,Map2,"dgzin
TSS",neon,229,58
531686,https://www.vlr.gg/531686/los-grandes-vs-team-solid-challengers-2025-brazil-gamers-club-last-chance-qualifier-ubsf,Map2,"havoc
TSS",cypher,205,46
531686,https://www.vlr.gg/531686/los-grandes-vs-team-solid-challengers-2025-brazil-gamers-club-last-chance-qualifier-ubsf,Map2,"raafa
TSS",omen,192,43
531686,https://www.vlr.gg/531686/los-grandes-vs-team-solid-challengers-2025-brazil-gamers-club-last-chance-qualifier-ubsf,Map2,"kon4n
TSS",breach,158,35
543168,https://www.vlr.gg/543168/burger-boyz-vs-prosperity-esports-challengers-2025-north-america-ace-stage-3-r1,Map2,"Boni
BURG",raze,251,59
543168,https://www.vlr.gg/543168/burger-boyz-vs-prosperity-esports-challengers-2025-north-america-ace-stage-3-r1,Map2,"practo
BURG",kayo,216,48
543168,https://www.vlr.gg/543168/burger-boyz-vs-prosperity-esports-challengers-2025-north-america-ace-stage-3-r1,Map2,"Nanners
BURG",sage,215,45
543168,https://www.vlr.gg/543168/burger-boyz-vs-prosperity-esports-challengers-2025-north-america-ace-stage-3-r1,Map2,"Tillo
BURG",fade,200,43
543168,https://www.vlr.gg/543168/burger-boyz-vs-prosperity-esports-challengers-2025-north-america-ace-stage-3-r1,Map2,"RetrQ
BURG",brimstone,203,46
543168,https://www.vlr.gg/543168/burger-boyz-vs-prosperity-esports-challengers-2025-north-america-ace-stage-3-r1,Map2,"Manny
PRS",neon,251,54
543168,https://www.vlr.gg/543168/burger-boyz-vs-prosperity-esports-challengers-2025-north-america-ace-stage-3-r1,Map2,"VantiK
PRS",viper,192,42
543168,https://www.vlr.gg/543168/burger-boyz-vs-prosperity-esports-challengers-2025-north-america-ace-stage-3-r1,Map2,"Bearrett
PRS",chamber,174,43
543168,https://www.vlr.gg/543168/burger-boyz-vs-prosperity-esports-challengers-2025-north-america-ace-stage-3-r1,Map2,"Yuki
PRS",omen,161,33
543168,https://www.vlr.gg/543168/burger-boyz-vs-prosperity-esports-challengers-2025-north-america-ace-stage-3-r1,Map2,"Izo
PRS",skye,148,31
538440,https://www.vlr.gg/538440/ulf-esports-vs-the-ultimates-challengers-2025-emea-stage-3-group-stage-d4,Map2,"audaz
ULF",omen,245,45
538440,https://www.vlr.gg/538440/ulf-esports-vs-the-ultimates-challengers-2025-emea-stage-3-group-stage-d4,Map2,"nekky
ULF",sova,240,40
538440,https://www.vlr.gg/538440/ulf-esports-vs-the-ultimates-challengers-2025-emea-stage-3-group-stage-d4,Map2,"Favian
ULF",kayo,198,0
538440,https://www.vlr.gg/538440/ulf-esports-vs-the-ultimates-challengers-2025-emea-stage-3-group-stage-d4,Map2,"s0pp
ULF",jett,213,35
538440,https://www.vlr.gg/538440/ulf-esports-vs-the-ultimates-challengers-2025-emea-stage-3-group-stage-d4,Map2,"echo
ULF",cypher,157,0
538440,https://www.vlr.gg/538440/ulf-esports-vs-the-ultimates-challengers-2025-emea-stage-3-group-stage-d4,Map2,"Moh
TU",omen,239,43
538440,https://www.vlr.gg/538440/ulf-esports-vs-the-ultimates-challengers-2025-emea-stage-3-group-stage-d4,Map2,"SpYzera
TU",phoenix,236,38
538440,https://www.vlr.gg/538440/ulf-esports-vs-the-ultimates-challengers-2025-emea-stage-3-group-stage-d4,Map2,"Recoil
TU",sova,148,0
538440,https://www.vlr.gg/538440/ulf-esports-vs-the-ultimates-challengers-2025-emea-stage-3-group-stage-d4,Map2,"B1SK
TU",jett,187,0
538440,https://www.vlr.gg/538440/ulf-esports-vs-the-ultimates-challengers-2025-emea-stage-3-group-stage-d4,Map2,"Fighter
TU",cypher,131,0
538438,https://www.vlr.gg/538438/boars-vs-koi-f-nix-challengers-2025-emea-stage-3-group-stage-d4,Map2,"Javelin
BOA",breach,197,45
538438,https://www.vlr.gg/538438/boars-vs-koi-f-nix-challengers-2025-emea-stage-3-group-stage-d4,Map2,"nvrfear
BOA",sova,226,53
538438,https://www.vlr.gg/538438/boars-vs-koi-f-nix-challengers-2025-emea-stage-3-group-stage-d4,Map2,"Kolosha
BOA",neon,251,57
538438,https://www.vlr.gg/538438/boars-vs-koi-f-nix-challengers-2025-emea-stage-3-group-stage-d4,Map2,"troizyyy
BOA",omen,211,44
538438,https://www.vlr.gg/538438/boars-vs-koi-f-nix-challengers-2025-emea-stage-3-group-stage-d4,Map2,"RARE
BOA",cypher,176,38
538438,https://www.vlr.gg/538438/boars-vs-koi-f-nix-challengers-2025-emea-stage-3-group-stage-d4,Map2,"globeX
MKF",omen,224,52
538438,https://www.vlr.gg/538438/boars-vs-koi-f-nix-challengers-2025-emea-stage-3-group-stage-d4,Map2,"Guardy
MKF",breach,206,51
538438,https://www.vlr.gg/538438/boars-vs-koi-f-nix-challengers-2025-emea-stage-3-group-stage-d4,Map2,"ZachKappa
MKF",cypher,218,49
538438,https://www.vlr.gg/538438/boars-vs-koi-f-nix-challengers-2025-emea-stage-3-group-stage-d4,Map2,"demek
MKF",neon,180,44
538438,https://www.vlr.gg/538438/boars-vs-koi-f-nix-challengers-2025-emea-stage-3-group-stage-d4,Map2,"pika
MKF",sova,153,32
538437,https://www.vlr.gg/538437/mouz-vs-twisted-minds-challengers-2025-emea-stage-3-group-stage-d4,Map2,"bipo
MOUZ",neon,222,61
538437,https://www.vlr.gg/538437/mouz-vs-twisted-minds-challengers-2025-emea-stage-3-group-stage-d4,Map2,"Fizzy
MOUZ",cypher,194,42
538437,https://www.vlr.gg/538437/mouz-vs-twisted-minds-challengers-2025-emea-stage-3-group-stage-d4,Map2,"Obnoks
MOUZ",omen,152,40
538437,https://www.vlr.gg/538437/mouz-vs-twisted-minds-challengers-2025-emea-stage-3-group-stage-d4,Map2,"Lime
MOUZ",yoru,169,41
538437,https://www.vlr.gg/538437/mouz-vs-twisted-minds-challengers-2025-emea-stage-3-group-stage-d4,Map2,"iluri
MOUZ",fade,173,40
538437,https://www.vlr.gg/538437/mouz-vs-twisted-minds-challengers-2025-emea-stage-3-group-stage-d4,Map2,"Sand
TWS",killjoy,257,65
538437,https://www.vlr.gg/538437/mouz-vs-twisted-minds-challengers-2025-emea-stage-3-group-stage-d4,Map2,"Jesse
TWS",omen,207,49
538437,https://www.vlr.gg/538437/mouz-vs-twisted-minds-challengers-2025-emea-stage-3-group-stage-d4,Map2,"sickrey
TWS",fade,196,43
538437,https://www.vlr.gg/538437/mouz-vs-twisted-minds-challengers-2025-emea-stage-3-group-stage-d4,Map2,"Zimo
TWS",viper,158,42
538437,https://www.vlr.gg/538437/mouz-vs-twisted-minds-challengers-2025-emea-stage-3-group-stage-d4,Map2,"ExiT
TWS",raze,201,51
538439,https://www.vlr.gg/538439/joblife-vs-d-ti-ulice-challengers-2025-emea-stage-3-group-stage-d4,Map2,"chiwa
JL",cypher,267,41
538439,https://www.vlr.gg/538439/joblife-vs-d-ti-ulice-challengers-2025-emea-stage-3-group-stage-d4,Map2,"CyvOph
JL",breach,220,34
538439,https://www.vlr.gg/538439/joblife-vs-d-ti-ulice-challengers-2025-emea-stage-3-group-stage-d4,Map2,"purp0
JL",neon,237,36
538439,https://www.vlr.gg/538439/joblife-vs-d-ti-ulice-challengers-2025-emea-stage-3-group-stage-d4,Map2,"sh1n
JL",omen,167,0
538439,https://www.vlr.gg/538439/joblife-vs-d-ti-ulice-challengers-2025-emea-stage-3-group-stage-d4,Map2,"starxo
JL",sova,193,0
538439,https://www.vlr.gg/538439/joblife-vs-d-ti-ulice-challengers-2025-emea-stage-3-group-stage-d4,Map2,"Fractioned
DET",neon,233,31
538439,https://www.vlr.gg/538439/joblife-vs-d-ti-ulice-challengers-2025-emea-stage-3-group-stage-d4,Map2,"basya
DET",cypher,156,0
538439,https://www.vlr.gg/538439/joblife-vs-d-ti-ulice-challengers-2025-emea-stage-3-group-stage-d4,Map2,"kya
DET",omen,129,0
538439,https://www.vlr.gg/538439/joblife-vs-d-ti-ulice-challengers-2025-emea-stage-3-group-stage-d4,Map2,"MaximN
DET",sova,169,0
538439,https://www.vlr.gg/538439/joblife-vs-d-ti-ulice-challengers-2025-emea-stage-3-group-stage-d4,Map2,"Nunmeister
DET",yoru,175,0
532795,https://www.vlr.gg/532795/envy-vs-tsm-challengers-2025-north-america-ace-stage-3-gf,Map2,"ion2x
NV",clove,205,61
532795,https://www.vlr.gg/532795/envy-vs-tsm-challengers-2025-north-america-ace-stage-3-gf,Map2,"canezerra
NV",neon,208,59
532795,https://www.vlr.gg/532795/envy-vs-tsm-challengers-2025-north-america-ace-stage-3-gf,Map2,"Inspire
NV",cypher,171,47
532795,https://www.vlr.gg/532795/envy-vs-tsm-challengers-2025-north-america-ace-stage-3-gf,Map2,"Eggsterr
NV",yoru,184,53
532795,https://www.vlr.gg/532795/envy-vs-tsm-challengers-2025-north-america-ace-stage-3-gf,Map2,"P0PPIN
NV",sova,159,46
532795,https://www.vlr.gg/532795/envy-vs-tsm-challengers-2025-north-america-ace-stage-3-gf,Map2,"seven
TSM",kayo,233,66
532795,https://www.vlr.gg/532795/envy-vs-tsm-challengers-2025-north-america-ace-stage-3-gf,Map2,"Timotino
TSM",neon,262,68
532795,https://www.vlr.gg/532795/envy-vs-tsm-challengers-2025-north-america-ace-stage-3-gf,Map2,"alvinboy
TSM",cypher,206,61
532795,https://www.vlr.gg/532795/envy-vs-tsm-challengers-2025-north-america-ace-stage-3-gf,Map2,"gMd
TSM",omen,180,52
532795,https://www.vlr.gg/532795/envy-vs-tsm-challengers-2025-north-america-ace-stage-3-gf,Map2,"vora
TSM",sova,155,49
524947,https://www.vlr.gg/524947/kr-blaze-vs-zen-esports-gc-game-changers-2025-latam-main-event-lbf,Map2,"conir
KR.B",viper,194,56
524947,https://www.vlr.gg/524947/kr-blaze-vs-zen-esports-gc-game-changers-2025-latam-main-event-lbf,Map2,"mmonch
KR.B",killjoy,225,65
524947,https://www.vlr.gg/524947/kr-blaze-vs-zen-esports-gc-game-changers-2025-latam-main-event-lbf,Map2,"dods
KR.B",jett,239,69
524947,https://www.vlr.gg/524947/kr-blaze-vs-zen-esports-gc-game-changers-2025-latam-main-event-lbf,Map2,"micaela
KR.B",sage,183,50
524947,https://www.vlr.gg/524947/kr-blaze-vs-zen-esports-gc-game-changers-2025-latam-main-event-lbf,Map2,"biazik
KR.B",sova,223,60
524947,https://www.vlr.gg/524947/kr-blaze-vs-zen-esports-gc-game-changers-2025-latam-main-event-lbf,Map2,"crona
ZEN.GC",viper,219,66
524947,https://www.vlr.gg/524947/kr-blaze-vs-zen-esports-gc-game-changers-2025-latam-main-event-lbf,Map2,"Akame
ZEN.GC",jett,262,73
524947,https://www.vlr.gg/524947/kr-blaze-vs-zen-esports-gc-game-changers-2025-latam-main-event-lbf,Map2,"azul
ZEN.GC",killjoy,203,56
524947,https://www.vlr.gg/524947/kr-blaze-vs-zen-esports-gc-game-changers-2025-latam-main-event-lbf,Map2,"tconda
ZEN.GC",sage,164,44
524947,https://www.vlr.gg/524947/kr-blaze-vs-zen-esports-gc-game-changers-2025-latam-main-event-lbf,Map2,"kalita
ZEN.GC",sova,136,34
538432,https://www.vlr.gg/538432/mouz-vs-koi-f-nix-challengers-2025-emea-stage-3-group-stage-d3,Map2,"Fizzy
MOUZ",cypher,245,39
538432,https://www.vlr.gg/538432/mouz-vs-koi-f-nix-challengers-2025-emea-stage-3-group-stage-d3,Map2,"iluri
MOUZ",sova,216,34
538432,https://www.vlr.gg/538432/mouz-vs-koi-f-nix-challengers-2025-emea-stage-3-group-stage-d3,Map2,"Lime
MOUZ",yoru,279,44
538432,https://www.vlr.gg/538432/mouz-vs-koi-f-nix-challengers-2025-emea-stage-3-group-stage-d3,Map2,"Obnoks
MOUZ",omen,192,31
538432,https://www.vlr.gg/538432/mouz-vs-koi-f-nix-challengers-2025-emea-stage-3-group-stage-d3,Map2,"bipo
MOUZ",iso,187,0
538432,https://www.vlr.gg/538432/mouz-vs-koi-f-nix-challengers-2025-emea-stage-3-group-stage-d3,Map2,"globeX
MKF",omen,207,34
538432,https://www.vlr.gg/538432/mouz-vs-koi-f-nix-challengers-2025-emea-stage-3-group-stage-d3,Map2,"ZachKappa
MKF",cypher,211,36
538432,https://www.vlr.gg/538432/mouz-vs-koi-f-nix-challengers-2025-emea-stage-3-group-stage-d3,Map2,"Guardy
MKF",breach,167,0
538432,https://www.vlr.gg/538432/mouz-vs-koi-f-nix-challengers-2025-emea-stage-3-group-stage-d3,Map2,"pika
MKF",sova,202,34
538432,https://www.vlr.gg/538432/mouz-vs-koi-f-nix-challengers-2025-emea-stage-3-group-stage-d3,Map2,"demek
MKF",neon,190,0
538434,https://www.vlr.gg/538434/mandatory-vs-enterprise-esports-challengers-2025-emea-stage-3-group-stage-d3,Map2,"TakaS
MDR",phoenix,297,60
538434,https://www.vlr.gg/538434/mandatory-vs-enterprise-esports-challengers-2025-emea-stage-3-group-stage-d3,Map2,"keloqz
MDR",yoru,198,42
538434,https://www.vlr.gg/538434/mandatory-vs-enterprise-esports-challengers-2025-emea-stage-3-group-stage-d3,Map2,"Enzo
MDR",sova,164,36
538434,https://www.vlr.gg/538434/mandatory-vs-enterprise-esports-challengers-2025-emea-stage-3-group-stage-d3,Map2,"mikee
MDR",omen,145,31
538434,https://www.vlr.gg/538434/mandatory-vs-enterprise-esports-challengers-2025-emea-stage-3-group-stage-d3,Map2,"HyP
MDR",cypher,127,0
538434,https://www.vlr.gg/538434/mandatory-vs-enterprise-esports-challengers-2025-emea-stage-3-group-stage-d3,Map2,"jas
EP",neon,270,56
538434,https://www.vlr.gg/538434/mandatory-vs-enterprise-esports-challengers-2025-emea-stage-3-group-stage-d3,Map2,"doma
EP",killjoy,235,49
538434,https://www.vlr.gg/538434/mandatory-vs-enterprise-esports-challengers-2025-emea-stage-3-group-stage-d3,Map2,"starki
EP",omen,199,43
538434,https://www.vlr.gg/538434/mandatory-vs-enterprise-esports-challengers-2025-emea-stage-3-group-stage-d3,Map2,"Kiles
EP",viper,181,43
538434,https://www.vlr.gg/538434/mandatory-vs-enterprise-esports-challengers-2025-emea-stage-3-group-stage-d3,Map2,"zeek
EP",sova,182,38
538430,https://www.vlr.gg/538430/team-liquid-academy-vs-dnsty-challengers-2025-emea-stage-3-group-stage-d3,Map2,"DonatelloOO
TLA",waylay,223,34
538430,https://www.vlr.gg/538430/team-liquid-academy-vs-dnsty-challengers-2025-emea-stage-3-group-stage-d3,Map2,"rexxtoned
TLA",vyse,179,0
538430,https://www.vlr.gg/538430/team-liquid-academy-vs-dnsty-challengers-2025-emea-stage-3-group-stage-d3,Map2,"GSR
TLA",yoru,210,34
538430,https://www.vlr.gg/538430/team-liquid-academy-vs-dnsty-challengers-2025-emea-stage-3-group-stage-d3,Map2,"NINJA
TLA",sova,154,0
538430,https://www.vlr.gg/538430/team-liquid-academy-vs-dnsty-challengers-2025-emea-stage-3-group-stage-d3,Map2,"qpert
TLA",omen,128,0
538430,https://www.vlr.gg/538430/team-liquid-academy-vs-dnsty-challengers-2025-emea-stage-3-group-stage-d3,Map2,"waddle
DSY",sova,238,35
538430,https://www.vlr.gg/538430/team-liquid-academy-vs-dnsty-challengers-2025-emea-stage-3-group-stage-d3,Map2,"Famsii
DSY",neon,245,41
538430,https://www.vlr.gg/538430/team-liquid-academy-vs-dnsty-challengers-2025-emea-stage-3-group-stage-d3,Map2,"Tag
DSY",viper,181,33
538430,https://www.vlr.gg/538430/team-liquid-academy-vs-dnsty-challengers-2025-emea-stage-3-group-stage-d3,Map2,"Creamydreamy
DSY",deadlock,190,33
538430,https://www.vlr.gg/538430/team-liquid-academy-vs-dnsty-challengers-2025-emea-stage-3-group-stage-d3,Map2,"Ticey
DSY",omen,120,0
538431,https://www.vlr.gg/538431/joblife-vs-the-ultimates-challengers-2025-emea-stage-3-group-stage-d3,Map2,"purp0
JL",neon,289,40
538431,https://www.vlr.gg/538431/joblife-vs-the-ultimates-challengers-2025-emea-stage-3-group-stage-d3,Map2,"starxo
JL",sova,241,34
538431,https://www.vlr.gg/538431/joblife-vs-the-ultimates-challengers-2025-emea-stage-3-group-stage-d3,Map2,"sh1n
JL",omen,233,32
538431,https://www.vlr.gg/538431/joblife-vs-the-ultimates-challengers-2025-emea-stage-3-group-stage-d3,Map2,"CyvOph
JL",breach,141,0
538431,https://www.vlr.gg/538431/joblife-vs-the-ultimates-challengers-2025-emea-stage-3-group-stage-d3,Map2,"chiwa
JL",cypher,168,0
538431,https://www.vlr.gg/538431/joblife-vs-the-ultimates-challengers-2025-emea-stage-3-group-stage-d3,Map2,"SpYzera
TU",fade,224,31
538431,https://www.vlr.gg/538431/joblife-vs-the-ultimates-challengers-2025-emea-stage-3-group-stage-d3,Map2,"Fighter
TU",cypher,191,0
538431,https://www.vlr.gg/538431/joblife-vs-the-ultimates-challengers-2025-emea-stage-3-group-stage-d3,Map2,"Recoil
TU",sova,179,0
538431,https://www.vlr.gg/538431/joblife-vs-the-ultimates-challengers-2025-emea-stage-3-group-stage-d3,Map2,"Moh
TU",omen,122,0
538431,https://www.vlr.gg/538431/joblife-vs-the-ultimates-challengers-2025-emea-stage-3-group-stage-d3,Map2,"B1SK
TU",neon,122,0
524956,https://www.vlr.gg/524956/fusion-x-vs-contra-gc-game-changers-2025-latam-main-event-lr1,Map2,"Cami
FSX",brimstone,188,44
524956,https://www.vlr.gg/524956/fusion-x-vs-contra-gc-game-changers-2025-latam-main-event-lr1,Map2,"Ellie
FSX",viper,178,43
524956,https://www.vlr.gg/524956/fusion-x-vs-contra-gc-game-changers-2025-latam-main-event-lr1,Map2,"andi
FSX",fade,180,40
524956,https://www.vlr.gg/524956/fusion-x-vs-contra-gc-game-changers-2025-latam-main-event-lr1,Map2,"Kyujinn
FSX",raze,159,42
524956,https://www.vlr.gg/524956/fusion-x-vs-contra-gc-game-changers-2025-latam-main-event-lr1,Map2,"Chloe
FSX",gekko,178,39
524956,https://www.vlr.gg/524956/fusion-x-vs-contra-gc-game-changers-2025-latam-main-event-lr1,Map2,"anadangel
BBB.GC",sova,205,0
524956,https://www.vlr.gg/524956/fusion-x-vs-contra-gc-game-changers-2025-latam-main-event-lr1,Map2,"GuterWoman
BBB.GC",viper,250,61
524956,https://www.vlr.gg/524956/fusion-x-vs-contra-gc-game-changers-2025-latam-main-event-lr1,Map2,"Buffala
BBB.GC",chamber,214,45
524956,https://www.vlr.gg/524956/fusion-x-vs-contra-gc-game-changers-2025-latam-main-event-lr1,Map2,"Atisca
BBB.GC",raze,200,45
524956,https://www.vlr.gg/524956/fusion-x-vs-contra-gc-game-changers-2025-latam-main-event-lr1,Map2,"yanbry
BBB.GC",clove,180,47
524956,https://www.vlr.gg/524956/fusion-x-vs-contra-gc-game-changers-2025-latam-main-event-lr1,Map2,"Morgan
BBB.GC",skye,105,0
524953,https://www.vlr.gg/524953/akave-esports-gc-vs-myvra-gc-game-changers-2025-latam-main-event-ubf,Map2,"Tastyy
AKV.GC",cypher,299,65
524953,https://www.vlr.gg/524953/akave-esports-gc-vs-myvra-gc-game-changers-2025-latam-main-event-ubf,Map2,"Lied
AKV.GC",neon,223,49
524953,https://www.vlr.gg/524953/akave-esports-gc-vs-myvra-gc-game-changers-2025-latam-main-event-ubf,Map2,"Ivy
AKV.GC",fade,186,41
524953,https://www.vlr.gg/524953/akave-esports-gc-vs-myvra-gc-game-changers-2025-latam-main-event-ubf,Map2,"Dano
AKV.GC",breach,189,39
524953,https://www.vlr.gg/524953/akave-esports-gc-vs-myvra-gc-game-changers-2025-latam-main-event-ubf,Map2,"Tura
AKV.GC",omen,134,0
524953,https://www.vlr.gg/524953/akave-esports-gc-vs-myvra-gc-game-changers-2025-latam-main-event-ubf,Map2,"WIRE
MVR.GC",raze,266,59
524953,https://www.vlr.gg/524953/akave-esports-gc-vs-myvra-gc-game-changers-2025-latam-main-event-ubf,Map2,"JuW
MVR.GC",fade,206,45
524953,https://www.vlr.gg/524953/akave-esports-gc-vs-myvra-gc-game-changers-2025-latam-main-event-ubf,Map2,"Andrehs
MVR.GC",omen,193,40
524953,https://www.vlr.gg/524953/akave-esports-gc-vs-myvra-gc-game-changers-2025-latam-main-event-ubf,Map2,"JenNy
MVR.GC",vyse,202,44
524953,https://www.vlr.gg/524953/akave-esports-gc-vs-myvra-gc-game-changers-2025-latam-main-event-ubf,Map2,"Vefa
MVR.GC",viper,147,0
532801,https://www.vlr.gg/532801/qor-vs-tsm-challengers-2025-north-america-ace-stage-3-lbf,Map2,"alym
QOR",chamber,236,108
532801,https://www.vlr.gg/532801/qor-vs-tsm-challengers-2025-north-america-ace-stage-3-lbf,Map2,"Logan
QOR",omen,197,91
532801,https://www.vlr.gg/532801/qor-vs-tsm-challengers-2025-north-america-ace-stage-3-lbf,Map2,"nerve
QOR",sova,180,73
532801,https://www.vlr.gg/532801/qor-vs-tsm-challengers-2025-north-america-ace-stage-3-lbf,Map2,"Dark3st
QOR",sage,187,82
532801,https://www.vlr.gg/532801/qor-vs-tsm-challengers-2025-north-america-ace-stage-3-lbf,Map2,"toozy
QOR",viper,164,73
532801,https://www.vlr.gg/532801/qor-vs-tsm-challengers-2025-north-america-ace-stage-3-lbf,Map2,"gMd
TSM",viper,244,106
532801,https://www.vlr.gg/532801/qor-vs-tsm-challengers-2025-north-america-ace-stage-3-lbf,Map2,"seven
TSM",omen,208,92
532801,https://www.vlr.gg/532801/qor-vs-tsm-challengers-2025-north-america-ace-stage-3-lbf,Map2,"Timotino
TSM",jett,243,101
532801,https://www.vlr.gg/532801/qor-vs-tsm-challengers-2025-north-america-ace-stage-3-lbf,Map2,"alvinboy
TSM",killjoy,186,85
532801,https://www.vlr.gg/532801/qor-vs-tsm-challengers-2025-north-america-ace-stage-3-lbf,Map2,"vora
TSM",sova,156,64
538428,https://www.vlr.gg/538428/boars-vs-mouz-challengers-2025-emea-stage-3-group-stage-d2,Map2,"Javelin
BOA",breach,142,0
538428,https://www.vlr.gg/538428/boars-vs-mouz-challengers-2025-emea-stage-3-group-stage-d2,Map2,"RARE
BOA",cypher,151,0
538428,https://www.vlr.gg/538428/boars-vs-mouz-challengers-2025-emea-stage-3-group-stage-d2,Map2,"nvrfear
BOA",fade,166,0
538428,https://www.vlr.gg/538428/boars-vs-mouz-challengers-2025-emea-stage-3-group-stage-d2,Map2,"Kolosha
BOA",neon,159,0
538428,https://www.vlr.gg/538428/boars-vs-mouz-challengers-2025-emea-stage-3-group-stage-d2,Map2,"troizyyy
BOA",omen,100,0
538428,https://www.vlr.gg/538428/boars-vs-mouz-challengers-2025-emea-stage-3-group-stage-d2,Map2,"Lime
MOUZ",yoru,294,33
538428,https://www.vlr.gg/538428/boars-vs-mouz-challengers-2025-emea-stage-3-group-stage-d2,Map2,"Fizzy
MOUZ",cypher,237,0
538428,https://www.vlr.gg/538428/boars-vs-mouz-challengers-2025-emea-stage-3-group-stage-d2,Map2,"bipo
MOUZ",neon,284,33
538428,https://www.vlr.gg/538428/boars-vs-mouz-challengers-2025-emea-stage-3-group-stage-d2,Map2,"Obnoks
MOUZ",omen,213,0
538428,https://www.vlr.gg/538428/boars-vs-mouz-challengers-2025-emea-stage-3-group-stage-d2,Map2,"iluri
MOUZ",fade,196,0
